--Voluntario
INSERT INTO "Voluntario"(rut,nombre,region,ciudad,telefono_contacto,fecha_nacimiento,correo,disponibilidad_lunes,disponibilidad_martes,disponibilidad_miercoles,disponibilidad_jueves,disponibilidad_viernes,disponibilidad_sabado,disponibilidad_domingo) VALUES('18.555.124-1','Gustaco Fernandez','Atacama','Freirina','956755214','1998-06-12','correo1@gmail.com',true,true,true,true,false,true,true);
INSERT INTO "Voluntario"(rut,nombre,region,ciudad,telefono_contacto,fecha_nacimiento,correo,disponibilidad_lunes,disponibilidad_martes,disponibilidad_miercoles,disponibilidad_jueves,disponibilidad_viernes,disponibilidad_sabado,disponibilidad_domingo) VALUES('17.354.785-3','Andrea Fernandez','La Serena','Vallenar','989654125','1996-05-06','correo2@gmail.com',false,false,true,false,true,true,true);
INSERT INTO "Voluntario"(rut,nombre,region,ciudad,telefono_contacto,fecha_nacimiento,correo,disponibilidad_lunes,disponibilidad_martes,disponibilidad_miercoles,disponibilidad_jueves,disponibilidad_viernes,disponibilidad_sabado,disponibilidad_domingo) VALUES('19.534.485-6','Ariel Urra','Arica y Parinacota','Arica','956515345','1998-08-01','correo3@gmail.com',true,false,true,true,false,true,true);
INSERT INTO "Voluntario"(rut,nombre,region,ciudad,telefono_contacto,fecha_nacimiento,correo,disponibilidad_lunes,disponibilidad_martes,disponibilidad_miercoles,disponibilidad_jueves,disponibilidad_viernes,disponibilidad_sabado,disponibilidad_domingo) VALUES('19.254.534-7','Fernando Gonzalez','OHiggins','Rancagua','921235651','1995-07-27','correo4@gmail.com',true,true,true,true,false,true,true);
INSERT INTO "Voluntario"(rut,nombre,region,ciudad,telefono_contacto,fecha_nacimiento,correo,disponibilidad_lunes,disponibilidad_martes,disponibilidad_miercoles,disponibilidad_jueves,disponibilidad_viernes,disponibilidad_sabado,disponibilidad_domingo) VALUES('18.454.754-8','Andrea Donoso','Los Ríos','Valdivia','988652255','1998-09-28','correo5@gmail.com',true,false,true,true,false,false,true);
INSERT INTO "Voluntario"(rut,nombre,region,ciudad,telefono_contacto,fecha_nacimiento,correo,disponibilidad_lunes,disponibilidad_martes,disponibilidad_miercoles,disponibilidad_jueves,disponibilidad_viernes,disponibilidad_sabado,disponibilidad_domingo) VALUES('19.123.454-6','Chantal Moreno','Metropolitana','Santiago','942165621','1998-02-10','correo6@gmail.com',true,true,true,true,true,false,false);
INSERT INTO "Voluntario"(rut,nombre,region,ciudad,telefono_contacto,fecha_nacimiento,correo,disponibilidad_lunes,disponibilidad_martes,disponibilidad_miercoles,disponibilidad_jueves,disponibilidad_viernes,disponibilidad_sabado,disponibilidad_domingo) VALUES('18.568.445-2','Ybraim Huenchumilla','Araucania','Temuco','974851263','1997-03-10','correo7@gmail.com',true,true,true,true,true,true,true);
INSERT INTO "Voluntario"(rut,nombre,region,ciudad,telefono_contacto,fecha_nacimiento,correo,disponibilidad_lunes,disponibilidad_martes,disponibilidad_miercoles,disponibilidad_jueves,disponibilidad_viernes,disponibilidad_sabado,disponibilidad_domingo) VALUES('19.124.343-3','Jorge Sepulveda','Metropolitana','Santiago','912548613','1995-04-03','correo8@gmail.com',false,false,true,true,false,false,true);
INSERT INTO "Voluntario"(rut,nombre,region,ciudad,telefono_contacto,fecha_nacimiento,correo,disponibilidad_lunes,disponibilidad_martes,disponibilidad_miercoles,disponibilidad_jueves,disponibilidad_viernes,disponibilidad_sabado,disponibilidad_domingo) VALUES('18.324.435-3','Fabian Contreras','Arica y Parinacota','Arica','914625375','1993-04-02','correo9@gmail.com',true,false,true,true,false,true,true);
INSERT INTO "Voluntario"(rut,nombre,region,ciudad,telefono_contacto,fecha_nacimiento,correo,disponibilidad_lunes,disponibilidad_martes,disponibilidad_miercoles,disponibilidad_jueves,disponibilidad_viernes,disponibilidad_sabado,disponibilidad_domingo) VALUES('17.464.324-5','Hugo Guerrero.','Atacama','Tierra Amarilla','926563546','1985-15-01','correo10@gmail.com',true,true,true,true,false,false,true);
INSERT INTO "Voluntario"(rut,nombre,region,ciudad,telefono_contacto,fecha_nacimiento,correo,disponibilidad_lunes,disponibilidad_martes,disponibilidad_miercoles,disponibilidad_jueves,disponibilidad_viernes,disponibilidad_sabado,disponibilidad_domingo) VALUES('18.678.451-6','Felipe Aravena','Tarapacá','Iquique','955676356','1985-13-01','correo11@gmail.com',true,true,false,true,false,false,true);
INSERT INTO "Voluntario"(rut,nombre,region,ciudad,telefono_contacto,fecha_nacimiento,correo,disponibilidad_lunes,disponibilidad_martes,disponibilidad_miercoles,disponibilidad_jueves,disponibilidad_viernes,disponibilidad_sabado,disponibilidad_domingo) VALUES('16.135.543-2','Javier Nova','Coquimbo','Ovalle','965846254','1980-27-10','correo12@gmail.com',false,false,false,true,false,true,false);
INSERT INTO "Voluntario"(rut,nombre,region,ciudad,telefono_contacto,fecha_nacimiento,correo,disponibilidad_lunes,disponibilidad_martes,disponibilidad_miercoles,disponibilidad_jueves,disponibilidad_viernes,disponibilidad_sabado,disponibilidad_domingo) VALUES('17.467.123-2','Alexis Gutierrez','Valparaíso','Panquehue','926868843','1994-03-09','correo13@gmail.com',true,false,true,true,false,true,true);
INSERT INTO "Voluntario"(rut,nombre,region,ciudad,telefono_contacto,fecha_nacimiento,correo,disponibilidad_lunes,disponibilidad_martes,disponibilidad_miercoles,disponibilidad_jueves,disponibilidad_viernes,disponibilidad_sabado,disponibilidad_domingo) VALUES('19.651.577-7','Javier Carvajal','Ohiggins','Palmilla','917658431','1986-27-07','correo14@gmail.com',true,true,true,true,false,true,true);
INSERT INTO "Voluntario"(rut,nombre,region,ciudad,telefono_contacto,fecha_nacimiento,correo,disponibilidad_lunes,disponibilidad_martes,disponibilidad_miercoles,disponibilidad_jueves,disponibilidad_viernes,disponibilidad_sabado,disponibilidad_domingo) VALUES('18.765.432-5','Hugo Arriaza','Ohiggins','Requinoa','913336783','1983-31-07','correo15@gmail.com',false,false,true,true,false,false,false);
INSERT INTO "Voluntario"(rut,nombre,region,ciudad,telefono_contacto,fecha_nacimiento,correo,disponibilidad_lunes,disponibilidad_martes,disponibilidad_miercoles,disponibilidad_jueves,disponibilidad_viernes,disponibilidad_sabado,disponibilidad_domingo) VALUES('19.435.543-4','Ariel Lagos','Maule','Parral','914333323','1996-04-06','correo16@gmail.com',false,false,true,true,true,true,true);
INSERT INTO "Voluntario"(rut,nombre,region,ciudad,telefono_contacto,fecha_nacimiento,correo,disponibilidad_lunes,disponibilidad_martes,disponibilidad_miercoles,disponibilidad_jueves,disponibilidad_viernes,disponibilidad_sabado,disponibilidad_domingo) VALUES('18.987.765-2','Carlos Aravena','Maule','Pencahue','912414341','1990-14-11','correo17@gmail.com',true,false,true,true,false,false,true);
INSERT INTO "Voluntario"(rut,nombre,region,ciudad,telefono_contacto,fecha_nacimiento,correo,disponibilidad_lunes,disponibilidad_martes,disponibilidad_miercoles,disponibilidad_jueves,disponibilidad_viernes,disponibilidad_sabado,disponibilidad_domingo) VALUES('19.153.234-9','Jean Sepulveda','Biobío','Negrete','935573337','1992-21-05','correo18@gmail.com',false,false,true,true,true,true,false);
INSERT INTO "Voluntario"(rut,nombre,region,ciudad,telefono_contacto,fecha_nacimiento,correo,disponibilidad_lunes,disponibilidad_martes,disponibilidad_miercoles,disponibilidad_jueves,disponibilidad_viernes,disponibilidad_sabado,disponibilidad_domingo) VALUES('18.562.765-7','Alberto Duran','Araucania','Freire','935733434','1998-30-11','correo19@gmail.com',true,false,true,true,false,false,true);
INSERT INTO "Voluntario"(rut,nombre,region,ciudad,telefono_contacto,fecha_nacimiento,correo,disponibilidad_lunes,disponibilidad_martes,disponibilidad_miercoles,disponibilidad_jueves,disponibilidad_viernes,disponibilidad_sabado,disponibilidad_domingo) VALUES('17.576.654-6','Carlos Arriaza','Biobío','Yumbel','954563343','1990-11-06','correo20@gmail.com',true,false,true,true,true,true,true);
INSERT INTO "Voluntario"(rut,nombre,region,ciudad,telefono_contacto,fecha_nacimiento,correo,disponibilidad_lunes,disponibilidad_martes,disponibilidad_miercoles,disponibilidad_jueves,disponibilidad_viernes,disponibilidad_sabado,disponibilidad_domingo) VALUES('17.573.334-4','Alexander Duran','Atacama','Chañaral','953443654','1980-26-05','correo21@gmail.com',false,false,true,true,false,false,false);
INSERT INTO "Voluntario"(rut,nombre,region,ciudad,telefono_contacto,fecha_nacimiento,correo,disponibilidad_lunes,disponibilidad_martes,disponibilidad_miercoles,disponibilidad_jueves,disponibilidad_viernes,disponibilidad_sabado,disponibilidad_domingo) VALUES('17.456.755-3','Fabian Zarate','Araucania','Temuco','935346655','1994-15-05','correo22@gmail.com',false,false,true,true,false,true,true);
INSERT INTO "Voluntario"(rut,nombre,region,ciudad,telefono_contacto,fecha_nacimiento,correo,disponibilidad_lunes,disponibilidad_martes,disponibilidad_miercoles,disponibilidad_jueves,disponibilidad_viernes,disponibilidad_sabado,disponibilidad_domingo) VALUES('19.555.435-6','Alexis Zuniga','Los Ríos','Paillaco','954564575','1985-21-04','correo23@gmail.com',true,true,true,true,false,false,true);
INSERT INTO "Voluntario"(rut,nombre,region,ciudad,telefono_contacto,fecha_nacimiento,correo,disponibilidad_lunes,disponibilidad_martes,disponibilidad_miercoles,disponibilidad_jueves,disponibilidad_viernes,disponibilidad_sabado,disponibilidad_domingo) VALUES('18.512.256-8','Diego Sanchez','Biobío','Antuco','955154533','1996-30-01','correo24@gmail.com',true,false,true,true,true,true,false);
INSERT INTO "Voluntario"(rut,nombre,region,ciudad,telefono_contacto,fecha_nacimiento,correo,disponibilidad_lunes,disponibilidad_martes,disponibilidad_miercoles,disponibilidad_jueves,disponibilidad_viernes,disponibilidad_sabado,disponibilidad_domingo) VALUES('19.587.755-5','Nelson Carvajal','Los Ríos','Valdivia','993456745','1987-06-01','correo25@gmail.com',true,false,true,true,false,false,true);
INSERT INTO "Voluntario"(rut,nombre,region,ciudad,telefono_contacto,fecha_nacimiento,correo,disponibilidad_lunes,disponibilidad_martes,disponibilidad_miercoles,disponibilidad_jueves,disponibilidad_viernes,disponibilidad_sabado,disponibilidad_domingo) VALUES('18.134.885-1','Jean Pizarro','Los Lagos','Puyehue','917536632','1995-02-04','correo26@gmail.com',true,true,true,true,true,true,true);
INSERT INTO "Voluntario"(rut,nombre,region,ciudad,telefono_contacto,fecha_nacimiento,correo,disponibilidad_lunes,disponibilidad_martes,disponibilidad_miercoles,disponibilidad_jueves,disponibilidad_viernes,disponibilidad_sabado,disponibilidad_domingo) VALUES('17.564.233-4','Alberto Diaz','Magallanes','Porvenir','956867356','1999-12-02','correo27@gmail.com',true,true,true,true,false,false,false);
INSERT INTO "Voluntario"(rut,nombre,region,ciudad,telefono_contacto,fecha_nacimiento,correo,disponibilidad_lunes,disponibilidad_martes,disponibilidad_miercoles,disponibilidad_jueves,disponibilidad_viernes,disponibilidad_sabado,disponibilidad_domingo) VALUES('18.876.774-1','Ricardo Duran','Los Lagos','Puerto Montt','922356547','1996-09-03','correo28@gmail.com',false,false,true,true,true,true,true);
INSERT INTO "Voluntario"(rut,nombre,region,ciudad,telefono_contacto,fecha_nacimiento,correo,disponibilidad_lunes,disponibilidad_martes,disponibilidad_miercoles,disponibilidad_jueves,disponibilidad_viernes,disponibilidad_sabado,disponibilidad_domingo) VALUES('18.434.256-1','Ricardo Zarate','Magallanes','San Gregorio','976786333','1987-20-11','correo29@gmail.com',true,true,true,true,false,false,true);
INSERT INTO "Voluntario"(rut,nombre,region,ciudad,telefono_contacto,fecha_nacimiento,correo,disponibilidad_lunes,disponibilidad_martes,disponibilidad_miercoles,disponibilidad_jueves,disponibilidad_viernes,disponibilidad_sabado,disponibilidad_domingo) VALUES('19.974.232-5','Antonio Torres','Ohiggins','Rancagua','967878534','1995-14-01','correo30@gmail.com',true,false,false,true,true,true,false);
INSERT INTO "Voluntario"(rut,nombre,region,ciudad,telefono_contacto,fecha_nacimiento,correo,disponibilidad_lunes,disponibilidad_martes,disponibilidad_miercoles,disponibilidad_jueves,disponibilidad_viernes,disponibilidad_sabado,disponibilidad_domingo) VALUES('18.244.243-4','Diego Zarate B.','Arica y Parinacota','Camarones','951576563','1999-27-09','correo31@gmail.com',true,true,true,true,true,false,true);
INSERT INTO "Voluntario"(rut,nombre,region,ciudad,telefono_contacto,fecha_nacimiento,correo,disponibilidad_lunes,disponibilidad_martes,disponibilidad_miercoles,disponibilidad_jueves,disponibilidad_viernes,disponibilidad_sabado,disponibilidad_domingo) VALUES('17.775.264-3','Daniel Guerrero','Tarapacá','Colchane','976864353','1996-19-08','correo32@gmail.com',true,false,false,true,false,true,false);
INSERT INTO "Voluntario"(rut,nombre,region,ciudad,telefono_contacto,fecha_nacimiento,correo,disponibilidad_lunes,disponibilidad_martes,disponibilidad_miercoles,disponibilidad_jueves,disponibilidad_viernes,disponibilidad_sabado,disponibilidad_domingo) VALUES('18.564.845-3','David Zuniga','Antofagasta','Calama','956584565','1993-24-04','correo33@gmail.com',true,true,true,false,false,true,true);
INSERT INTO "Voluntario"(rut,nombre,region,ciudad,telefono_contacto,fecha_nacimiento,correo,disponibilidad_lunes,disponibilidad_martes,disponibilidad_miercoles,disponibilidad_jueves,disponibilidad_viernes,disponibilidad_sabado,disponibilidad_domingo) VALUES('19.355.365-6','Nelson Sanchez','Atacama','Huasco','954626365','1980-04-05','correo34@gmail.com',true,false,true,true,true,true,false);
INSERT INTO "Voluntario"(rut,nombre,region,ciudad,telefono_contacto,fecha_nacimiento,correo,disponibilidad_lunes,disponibilidad_martes,disponibilidad_miercoles,disponibilidad_jueves,disponibilidad_viernes,disponibilidad_sabado,disponibilidad_domingo) VALUES('18.224.836-8','David Arriaza','Atacama','Caldera','933145334','1981-29-11','correo35@gmail.com',true,true,true,true,false,false,false);
INSERT INTO "Voluntario"(rut,nombre,region,ciudad,telefono_contacto,fecha_nacimiento,correo,disponibilidad_lunes,disponibilidad_martes,disponibilidad_miercoles,disponibilidad_jueves,disponibilidad_viernes,disponibilidad_sabado,disponibilidad_domingo) VALUES('18.865.284-9','Felipe Duran','Antofagasta','Sierra Gorda','924358666','1981-10-02','correo36@gmail.com',true,false,false,true,true,true,true);
INSERT INTO "Voluntario"(rut,nombre,region,ciudad,telefono_contacto,fecha_nacimiento,correo,disponibilidad_lunes,disponibilidad_martes,disponibilidad_miercoles,disponibilidad_jueves,disponibilidad_viernes,disponibilidad_sabado,disponibilidad_domingo) VALUES('17.246.843-3','Felipe Nova','Arica y Parinacota','Putre','924362432','1996-18-06','correo37@gmail.com',true,false,true,true,true,true,false);
INSERT INTO "Voluntario"(rut,nombre,region,ciudad,telefono_contacto,fecha_nacimiento,correo,disponibilidad_lunes,disponibilidad_martes,disponibilidad_miercoles,disponibilidad_jueves,disponibilidad_viernes,disponibilidad_sabado,disponibilidad_domingo) VALUES('17.654.846-4','Hugo Gutierrez','Coquimbo','Illapel','924655874','1999-16-04','correo38@gmail.com',true,false,true,true,false,true,false);
INSERT INTO "Voluntario"(rut,nombre,region,ciudad,telefono_contacto,fecha_nacimiento,correo,disponibilidad_lunes,disponibilidad_martes,disponibilidad_miercoles,disponibilidad_jueves,disponibilidad_viernes,disponibilidad_sabado,disponibilidad_domingo) VALUES('17.246.354-7','Ariel Orostica','Araucania','Cholchol','921345665','1992-10-08','correo39@gmail.com',true,false,true,false,false,true,true);
INSERT INTO "Voluntario"(rut,nombre,region,ciudad,telefono_contacto,fecha_nacimiento,correo,disponibilidad_lunes,disponibilidad_martes,disponibilidad_miercoles,disponibilidad_jueves,disponibilidad_viernes,disponibilidad_sabado,disponibilidad_domingo) VALUES('19.573.754-3','Pepe Diaz','Metropolitana','Cerrillos','967654533','1987-11-06','correo40@gmail.com',false,false,true,true,false,false,false);
INSERT INTO "Voluntario"(rut,nombre,region,ciudad,telefono_contacto,fecha_nacimiento,correo,disponibilidad_lunes,disponibilidad_martes,disponibilidad_miercoles,disponibilidad_jueves,disponibilidad_viernes,disponibilidad_sabado,disponibilidad_domingo) VALUES('18.683.454-5','Fabian Torres','Antofagasta','Mejillones','943658525','1999-18-12','correo41@gmail.com',true,false,true,true,false,true,false);
INSERT INTO "Voluntario"(rut,nombre,region,ciudad,telefono_contacto,fecha_nacimiento,correo,disponibilidad_lunes,disponibilidad_martes,disponibilidad_miercoles,disponibilidad_jueves,disponibilidad_viernes,disponibilidad_sabado,disponibilidad_domingo) VALUES('18.243.654-8','Luciano Pizarro','Coquimbo','Paihuano','946563525','1992-16-09','correo42@gmail.com',false,false,true,true,false,true,false);
INSERT INTO "Voluntario"(rut,nombre,region,ciudad,telefono_contacto,fecha_nacimiento,correo,disponibilidad_lunes,disponibilidad_martes,disponibilidad_miercoles,disponibilidad_jueves,disponibilidad_viernes,disponibilidad_sabado,disponibilidad_domingo) VALUES('17.974.652-5','Diego Guerrero','Metropolitana','Macul','986514235','1997-10-06','correo43@gmail.com',true,true,true,true,false,true,true);
INSERT INTO "Voluntario"(rut,nombre,region,ciudad,telefono_contacto,fecha_nacimiento,correo,disponibilidad_lunes,disponibilidad_martes,disponibilidad_miercoles,disponibilidad_jueves,disponibilidad_viernes,disponibilidad_sabado,disponibilidad_domingo) VALUES('16.254.353-2','Carlos Torres','Ohiggins','Rengo','923455774','1994-11-01','correo44@gmail.com',true,false,true,false,false,false,true,false);
INSERT INTO "Voluntario"(rut,nombre,region,ciudad,telefono_contacto,fecha_nacimiento,correo,disponibilidad_lunes,disponibilidad_martes,disponibilidad_miercoles,disponibilidad_jueves,disponibilidad_viernes,disponibilidad_sabado,disponibilidad_domingo) VALUES('17.456.122-4','Ariel Fuentes','Tarapacá','Huara','987657342','1989-18-07','correo45@gmail.com',true,false,true,true,false,false,true);
INSERT INTO "Voluntario"(rut,nombre,region,ciudad,telefono_contacto,fecha_nacimiento,correo,disponibilidad_lunes,disponibilidad_martes,disponibilidad_miercoles,disponibilidad_jueves,disponibilidad_viernes,disponibilidad_sabado,disponibilidad_domingo) VALUES('18.765.114-6','Nelson Espinoza','Maule','Yerbas Buenas','978564324','1986-30-02','correo46@gmail.com',true,false,false,false,false,true,true);
INSERT INTO "Voluntario"(rut,nombre,region,ciudad,telefono_contacto,fecha_nacimiento,correo,disponibilidad_lunes,disponibilidad_martes,disponibilidad_miercoles,disponibilidad_jueves,disponibilidad_viernes,disponibilidad_sabado,disponibilidad_domingo) VALUES('18.352.126-8','Alexander Sepulveda','Metropolitana','Providencia','923456754','1989-09-08','correo47@gmail.com',true,false,false,true,false,true,false);
INSERT INTO "Voluntario"(rut,nombre,region,ciudad,telefono_contacto,fecha_nacimiento,correo,disponibilidad_lunes,disponibilidad_martes,disponibilidad_miercoles,disponibilidad_jueves,disponibilidad_viernes,disponibilidad_sabado,disponibilidad_domingo) VALUES('18.245.124-7','Luciano Gutierrez','Biobío','Talcahuano','985676245','1987-06-12','correo48@gmail.com',true,false,true,true,true,true,true);
INSERT INTO "Voluntario"(rut,nombre,region,ciudad,telefono_contacto,fecha_nacimiento,correo,disponibilidad_lunes,disponibilidad_martes,disponibilidad_miercoles,disponibilidad_jueves,disponibilidad_viernes,disponibilidad_sabado,disponibilidad_domingo) VALUES('17.643.132-3','Jose Faundez','Ohiggins','Quinta de Tilcoco','934513434','1989-25-04','correo49@gmail.com',true,false,false,true,false,true,true);
INSERT INTO "Voluntario"(rut,nombre,region,ciudad,telefono_contacto,fecha_nacimiento,correo,disponibilidad_lunes,disponibilidad_martes,disponibilidad_miercoles,disponibilidad_jueves,disponibilidad_viernes,disponibilidad_sabado,disponibilidad_domingo) VALUES('17.324.135-9','Luis Diaz','Metropolitana','Puente Alto','987583562','1988-07-03','correo50@gmail.com',true,false,true,true,false,false,false);

--Instituciones
INSERT INTO "Institucion"(nombre,descripcion) VALUES('Institucion_1','descripcion_1');
INSERT INTO "Institucion"(nombre,descripcion) VALUES('Institucion_2','descripcion_2');
INSERT INTO "Institucion"(nombre,descripcion) VALUES('Institucion_3','descripcion_3');
INSERT INTO "Institucion"(nombre,descripcion) VALUES('Institucion_4','descripcion_4');
INSERT INTO "Institucion"(nombre,descripcion) VALUES('Institucion_5','descripcion_5');
INSERT INTO "Institucion"(nombre,descripcion) VALUES('Institucion_6','descripcion_6');
INSERT INTO "Institucion"(nombre,descripcion) VALUES('Institucion_7','descripcion_7');
INSERT INTO "Institucion"(nombre,descripcion) VALUES('Institucion_8','descripcion_8');
INSERT INTO "Institucion"(nombre,descripcion) VALUES('Institucion_9','descripcion_9');
INSERT INTO "Institucion"(nombre,descripcion) VALUES('Institucion_10','descripcion_10');
INSERT INTO "Institucion"(nombre,descripcion) VALUES('Institucion_11','descripcion_11');
INSERT INTO "Institucion"(nombre,descripcion) VALUES('Institucion_12','descripcion_12');
INSERT INTO "Institucion"(nombre,descripcion) VALUES('Institucion_13','descripcion_13');
INSERT INTO "Institucion"(nombre,descripcion) VALUES('Institucion_14','descripcion_14');
INSERT INTO "Institucion"(nombre,descripcion) VALUES('Institucion_15','descripcion_15');

--Habilidad
INSERT INTO "Habilidad"(criterio) VALUES('criterio_1');
INSERT INTO "Habilidad"(criterio) VALUES('criterio_2');
INSERT INTO "Habilidad"(criterio) VALUES('criterio_3');
INSERT INTO "Habilidad"(criterio) VALUES('criterio_4');
INSERT INTO "Habilidad"(criterio) VALUES('criterio_5');
INSERT INTO "Habilidad"(criterio) VALUES('criterio_6');
INSERT INTO "Habilidad"(criterio) VALUES('criterio_7');
INSERT INTO "Habilidad"(criterio) VALUES('criterio_8');
INSERT INTO "Habilidad"(criterio) VALUES('criterio_9');
INSERT INTO "Habilidad"(criterio) VALUES('criterio_10');
INSERT INTO "Habilidad"(criterio) VALUES('criterio_11');
INSERT INTO "Habilidad"(criterio) VALUES('criterio_12');
INSERT INTO "Habilidad"(criterio) VALUES('criterio_13');
INSERT INTO "Habilidad"(criterio) VALUES('criterio_14');
INSERT INTO "Habilidad"(criterio) VALUES('criterio_15');

--Emergencia

INSERT INTO "Emergencia"(institucion_encargada,estado_emergencia,descripcion,nombre_coordinador,rut_coordinador,correo_coordinador,ciudad,region) VALUES (1,'Grave','descripcion_1','nombre_coor_1','rut_coor_1','correo_coor_1','Santiago','Metropolitana');
INSERT INTO "Emergencia"(institucion_encargada,estado_emergencia,descripcion,nombre_coordinador,rut_coordinador,correo_coordinador,ciudad,region) VALUES (2,'Agudo','descripcion_2','nombre_coor_2','rut_coor_2','correo_coor_2','Rancagua','Ohiggins');
INSERT INTO "Emergencia"(institucion_encargada,estado_emergencia,descripcion,nombre_coordinador,rut_coordinador,correo_coordinador,ciudad,region) VALUES (3,'Peligroso','descripcion_3','nombre_coor_3','rut_coor_3','correo_coor_3','Santiago','Metropolitana');
INSERT INTO "Emergencia"(institucion_encargada,estado_emergencia,descripcion,nombre_coordinador,rut_coordinador,correo_coordinador,ciudad,region) VALUES (4,'Grave','descripcion_4','nombre_coor_4','rut_coor_4','correo_coor_4','Temuco','Araucania');
INSERT INTO "Emergencia"(institucion_encargada,estado_emergencia,descripcion,nombre_coordinador,rut_coordinador,correo_coordinador,ciudad,region) VALUES (9,'Grave','descripcion_5','nombre_coor_5','rut_coor_5','correo_coor_5','Nueva Imperial','Araucania');
INSERT INTO "Emergencia"(institucion_encargada,estado_emergencia,descripcion,nombre_coordinador,rut_coordinador,correo_coordinador,ciudad,region) VALUES (6,'Agudo','descripcion_6','nombre_coor_6','rut_coor_6','correo_coor_6','Concepción','Biobío');
INSERT INTO "Emergencia"(institucion_encargada,estado_emergencia,descripcion,nombre_coordinador,rut_coordinador,correo_coordinador,ciudad,region) VALUES (7,'Grave','descripcion_7','nombre_coor_7','rut_coor_7','correo_coor_7','Temuco','Araucania');
INSERT INTO "Emergencia"(institucion_encargada,estado_emergencia,descripcion,nombre_coordinador,rut_coordinador,correo_coordinador,ciudad,region) VALUES (2,'Grave','descripcion_8','nombre_coor_8','rut_coor_8','correo_coor_8','Santiago','Metropolitana');
INSERT INTO "Emergencia"(institucion_encargada,estado_emergencia,descripcion,nombre_coordinador,rut_coordinador,correo_coordinador,ciudad,region) VALUES (4,'Grave','descripcion_9','nombre_coor_9','rut_coor_9','correo_coor_9','Valdivia','Los Ríos');
INSERT INTO "Emergencia"(institucion_encargada,estado_emergencia,descripcion,nombre_coordinador,rut_coordinador,correo_coordinador,ciudad,region) VALUES (5,'Agudo','descripcion_10','nombre_coor_10','rut_coor_10','correo_coor_10','Pichilemu','Ohiggins');
INSERT INTO "Emergencia"(institucion_encargada,estado_emergencia,descripcion,nombre_coordinador,rut_coordinador,correo_coordinador,ciudad,region) VALUES (7,'Peligroso','descripcion_11','nombre_coor_11','rut_coor_11','correo_coor_11','San Bernardo','Metropolitana');
INSERT INTO "Emergencia"(institucion_encargada,estado_emergencia,descripcion,nombre_coordinador,rut_coordinador,correo_coordinador,ciudad,region) VALUES (2,'Agudo','descripcion_12','nombre_coor_12','rut_coor_12','correo_coor_12','Punta Arenas','Magallanes');
INSERT INTO "Emergencia"(institucion_encargada,estado_emergencia,descripcion,nombre_coordinador,rut_coordinador,correo_coordinador,ciudad,region) VALUES (8,'Grave','descripcion_13','nombre_coor_13','rut_coor_13','correo_coor_13','Antofagasta','Antofagasta');
INSERT INTO "Emergencia"(institucion_encargada,estado_emergencia,descripcion,nombre_coordinador,rut_coordinador,correo_coordinador,ciudad,region) VALUES (2,'Peligroso','descripcion_14','nombre_coor_14','rut_coor_14','correo_coor_14','Melipilla','Metropolitana');
INSERT INTO "Emergencia"(institucion_encargada,estado_emergencia,descripcion,nombre_coordinador,rut_coordinador,correo_coordinador,ciudad,region) VALUES (7,'Agudo','descripcion_15','nombre_coor_15','rut_coor_15','correo_coor_15','Tocopilla','Antofagasta');
INSERT INTO "Emergencia"(institucion_encargada,estado_emergencia,descripcion,nombre_coordinador,rut_coordinador,correo_coordinador,ciudad,region) VALUES (10,'Agudo','descripcion_16','nombre_coor_16','rut_coor_16','correo_coor_16','Ovalle','Coquimbo');
INSERT INTO "Emergencia"(institucion_encargada,estado_emergencia,descripcion,nombre_coordinador,rut_coordinador,correo_coordinador,ciudad,region) VALUES (11,'Grave','descripcion_17','nombre_coor_17','rut_coor_17','correo_coor_17','Putre','Arica y Parinacota');
INSERT INTO "Emergencia"(institucion_encargada,estado_emergencia,descripcion,nombre_coordinador,rut_coordinador,correo_coordinador,ciudad,region) VALUES (4,'Peligroso','descripcion_18','nombre_coor_18','rut_coor_18','correo_coor_18','Pozo Almonte','Tarapacá');
INSERT INTO "Emergencia"(institucion_encargada,estado_emergencia,descripcion,nombre_coordinador,rut_coordinador,correo_coordinador,ciudad,region) VALUES (12,'Peligroso','descripcion_19','nombre_coor_19','rut_coor_19','correo_coor_19','Calama','Antofagasta');
INSERT INTO "Emergencia"(institucion_encargada,estado_emergencia,descripcion,nombre_coordinador,rut_coordinador,correo_coordinador,ciudad,region) VALUES (13,'Agudo','descripcion_20','nombre_coor_20','rut_coor_20','correo_coor_20','Illapel','Coquimbo');
INSERT INTO "Emergencia"(institucion_encargada,estado_emergencia,descripcion,nombre_coordinador,rut_coordinador,correo_coordinador,ciudad,region) VALUES (1,'Grave','descripcion_21','nombre_coor_21','rut_coor_21','correo_coor_21','Quillota','Valparaíso');
INSERT INTO "Emergencia"(institucion_encargada,estado_emergencia,descripcion,nombre_coordinador,rut_coordinador,correo_coordinador,ciudad,region) VALUES (14,'Grave','descripcion_22','nombre_coor_22','rut_coor_22','correo_coor_22','Puerto Montt','Los Lagos');
INSERT INTO "Emergencia"(institucion_encargada,estado_emergencia,descripcion,nombre_coordinador,rut_coordinador,correo_coordinador,ciudad,region) VALUES (9,'Agudo','descripcion_23','nombre_coor_23','rut_coor_23','correo_coor_23','Rancagua','Ohiggins');
INSERT INTO "Emergencia"(institucion_encargada,estado_emergencia,descripcion,nombre_coordinador,rut_coordinador,correo_coordinador,ciudad,region) VALUES (10,'Grave','descripcion_24','nombre_coor_24','rut_coor_24','correo_coor_24','Talca','Maule');
INSERT INTO "Emergencia"(institucion_encargada,estado_emergencia,descripcion,nombre_coordinador,rut_coordinador,correo_coordinador,ciudad,region) VALUES (15,'Peligroso','descripcion_25','nombre_coor_25','rut_coor_25','correo_coor_25','San Felipe','Valparaíso');

--Tarea
INSERT INTO "Tarea"(emergencia,estado_tarea,nombre,descripcion) VALUES (1,'Terminada','nombre_1','descripcion_1');
INSERT INTO "Tarea"(emergencia,estado_tarea,nombre,descripcion) VALUES (2,'En proceso','nombre_2','descripcion_2');
INSERT INTO "Tarea"(emergencia,estado_tarea,nombre,descripcion) VALUES (3,'No iniciada','nombre_3','descripcion_3');
INSERT INTO "Tarea"(emergencia,estado_tarea,nombre,descripcion) VALUES (4,'No iniciada','nombre_4','descripcion_4');
INSERT INTO "Tarea"(emergencia,estado_tarea,nombre,descripcion) VALUES (5,'En proceso','nombre_5','descripcion_5');
INSERT INTO "Tarea"(emergencia,estado_tarea,nombre,descripcion) VALUES (3,'En proceso','nombre_6','descripcion_6');
INSERT INTO "Tarea"(emergencia,estado_tarea,nombre,descripcion) VALUES (2,'En proceso','nombre_7','descripcion_7');
INSERT INTO "Tarea"(emergencia,estado_tarea,nombre,descripcion) VALUES (2,'Terminada','nombre_8','descripcion_8');
INSERT INTO "Tarea"(emergencia,estado_tarea,nombre,descripcion) VALUES (6,'Terminada','nombre_9','descripcion_9');
INSERT INTO "Tarea"(emergencia,estado_tarea,nombre,descripcion) VALUES (1,'No iniciada','nombre_10','descripcion_10');
INSERT INTO "Tarea"(emergencia,estado_tarea,nombre,descripcion) VALUES (1,'En proceso','nombre_10','descripcion_10');
INSERT INTO "Tarea"(emergencia,estado_tarea,nombre,descripcion) VALUES (1,'No iniciada','nombre_10','descripcion_10');
INSERT INTO "Tarea"(emergencia,estado_tarea,nombre,descripcion) VALUES (1,'No iniciada','nombre_10','descripcion_10');
INSERT INTO "Tarea"(emergencia,estado_tarea,nombre,descripcion) VALUES (1,'No iniciada','nombre_10','descripcion_10');
INSERT INTO "Tarea"(emergencia,estado_tarea,nombre,descripcion) VALUES (1,'En proceso','nombre_10','descripcion_10');
INSERT INTO "Tarea"(emergencia,estado_tarea,nombre,descripcion) VALUES (1,'No iniciada','nombre_10','descripcion_10');
INSERT INTO "Tarea"(emergencia,estado_tarea,nombre,descripcion) VALUES (1,'No iniciada','nombre_10','descripcion_10');
INSERT INTO "Tarea"(emergencia,estado_tarea,nombre,descripcion) VALUES (1,'En proceso','nombre_10','descripcion_10');
INSERT INTO "Tarea"(emergencia,estado_tarea,nombre,descripcion) VALUES (1,'No iniciada','nombre_10','descripcion_10');
INSERT INTO "Tarea"(emergencia,estado_tarea,nombre,descripcion) VALUES (1,'No iniciada','nombre_10','descripcion_10');
INSERT INTO "Tarea"(emergencia,estado_tarea,nombre,descripcion) VALUES (1,'En proceso','nombre_10','descripcion_10');
INSERT INTO "Tarea"(emergencia,estado_tarea,nombre,descripcion) VALUES (1,'No iniciada','nombre_10','descripcion_10');
--Ranking

INSERT INTO "Ranking"(id_voluntario,id_tarea,puntaje,inscrito,aceptado) VALUES (1,2,0,true,true);
INSERT INTO "Ranking"(id_voluntario,id_tarea,puntaje,inscrito,aceptado) VALUES (1,3,0,true,false);
INSERT INTO "Ranking"(id_voluntario,id_tarea,puntaje,inscrito,aceptado) VALUES (2,7,0,true,true);
INSERT INTO "Ranking"(id_voluntario,id_tarea,puntaje,inscrito,aceptado) VALUES (3,5,0,true,false);
INSERT INTO "Ranking"(id_voluntario,id_tarea,puntaje,inscrito,aceptado) VALUES (4,1,0,true,false);
INSERT INTO "Ranking"(id_voluntario,id_tarea,puntaje,inscrito,aceptado) VALUES (5,1,0,true,true);
INSERT INTO "Ranking"(id_voluntario,id_tarea,puntaje,inscrito,aceptado) VALUES (6,6,0,true,true);
INSERT INTO "Ranking"(id_voluntario,id_tarea,puntaje,inscrito,aceptado) VALUES (7,5,0,true,true);
INSERT INTO "Ranking"(id_voluntario,id_tarea,puntaje,inscrito,aceptado) VALUES (8,4,0,true,true);
INSERT INTO "Ranking"(id_voluntario,id_tarea,puntaje,inscrito,aceptado) VALUES (3,2,0,true,true);


--Emergencia_Habilidad

INSERT INTO "Emergencia_Habilidad"(id_emergencia,id_habilidad) VALUES (2,1);
INSERT INTO "Emergencia_Habilidad"(id_emergencia,id_habilidad) VALUES (1,2);
INSERT INTO "Emergencia_Habilidad"(id_emergencia,id_habilidad) VALUES (3,5);
INSERT INTO "Emergencia_Habilidad"(id_emergencia,id_habilidad) VALUES (4,4);
INSERT INTO "Emergencia_Habilidad"(id_emergencia,id_habilidad) VALUES (5,3);
INSERT INTO "Emergencia_Habilidad"(id_emergencia,id_habilidad) VALUES (8,2);
INSERT INTO "Emergencia_Habilidad"(id_emergencia,id_habilidad) VALUES (3,1);

--Tarea_habilidad

INSERT INTO "Tarea_Habilidad"(id_tarea,id_habilidad) VALUES (1,1);
INSERT INTO "Tarea_Habilidad"(id_tarea,id_habilidad) VALUES (2,1);
INSERT INTO "Tarea_Habilidad"(id_tarea,id_habilidad) VALUES (3,2);
INSERT INTO "Tarea_Habilidad"(id_tarea,id_habilidad) VALUES (4,3);
INSERT INTO "Tarea_Habilidad"(id_tarea,id_habilidad) VALUES (5,4);
INSERT INTO "Tarea_Habilidad"(id_tarea,id_habilidad) VALUES (6,5);
INSERT INTO "Tarea_Habilidad"(id_tarea,id_habilidad) VALUES (7,6);

--Voluntario_habilidad

INSERT INTO "Voluntario_Habilidad"(id_voluntario,id_habilidad) VALUES (1,1);
INSERT INTO "Voluntario_Habilidad"(id_voluntario,id_habilidad) VALUES (2,6);
INSERT INTO "Voluntario_Habilidad"(id_voluntario,id_habilidad) VALUES (7,5);
INSERT INTO "Voluntario_Habilidad"(id_voluntario,id_habilidad) VALUES (2,4);
INSERT INTO "Voluntario_Habilidad"(id_voluntario,id_habilidad) VALUES (3,2);
INSERT INTO "Voluntario_Habilidad"(id_voluntario,id_habilidad) VALUES (5,3);
INSERT INTO "Voluntario_Habilidad"(id_voluntario,id_habilidad) VALUES (8,1);
INSERT INTO "Voluntario_Habilidad"(id_voluntario,id_habilidad) VALUES (2,2);
